"id","user_id","responses_encrypted"
9,51,"674141414141426e3062336b334236334c2d4575676c5a4b6f4573764f6c3062645a4d57325a67644e4567715f77475558767447774174595147386862516f4a5a4336616b70335f42434b4b6854514736632d497853355f6c55466b4a726c33567a613466454e6267504d72664436325566386157507271734b6453787a6730784b304e514448385f2d764a31627a454662367a5232455f7a5641576a536d734f7255726a4a51496e396863476f4f6b4d56387a424e7366424c377868382d4d35544b56655277784c4246336a51465a755a6646486b6b6769415a62397358706173362d57514d65426a646b506f66573275515868386f337650324c7a6e4170527774523362626362473553426e614342614549666263695361593933582d6651456a42376847436a4f34454f7237353365565873712d383947582d62675a59756d416e50327544507a304d434337687771784f6a4e486a79504d5f575741435930734c4a736b65663276774b4a4748345f5948754e553d"
10,142,"674141414141426e306363636a56456865493757625074314e6d3263656e555f67584a4d69335533765048545f304470665553544b6e5932497751506b6c385a58486e644946455a32467759356a716939786267484754555847327a3748377834347238623679417052334a4b322d47706b684a4b4b784a6a6c4443436a37694b393836446a374c7947584a6442316d4567352d35387278765f674f374945687053365f44666a53314c7879627361725f39656b686b76504d4b66337361736c724166494d30734132706646624c593563554b32455f31696857773769303530595672396e4e7a73684947646d49634f766f5f3668353255575647346e737a516b37464f6a5a567234754c4c4c3076694b5a4c6356316e58646e3934537956774932534537305a363257715279757945324533574a4f686b644f386f5450364d65426734587064366a5244646b786a2d377832684e6350526a344f5857566f69526863626163675730654e4f4938556e596d4e4f3733733d"
3,138,"674141414141426e304a4974335439655036674f3361787157504939656c4234746d35384f426d47385937734967426d5833705a57516546786a544e644e6d3735554242345748533933357634427368307a6b51514d525068334d58304a6a6d59593979383155755146783072364a54675949332d6e425636413930563936316c387948674a4c6d54796a4b305831763873496b354c654b39337a6e516a6c50565478526941746f55717830386f76364634494546757065375435586a74504d366c6c506763437739474646526c5a3057437667755a53644662794f7370706d2d574a4748763372344f4873584268354478744f65526b726a4c3548516f6948646d31686f574c366951706f7162615f6674734378437035416b6448665346342d355f5165787a5874306d5f4b41717a4942555a575f304861623533315a6f55344573765930594750555a6967573469764a6e785369436b756763323054532d6951694a45516f615175657067425945704b72507857343d"
4,9,"674141414141426e304a6157505f39563444686230734b386b63594f455f6f4559414c58765433586e6c6a38505071364b366e73616258395a375a635750424863646b67684263453850476f542d763153573562457a7a63366a7038584e354342477a6b437864567669675f306c7549546b494f6b674d714d2d6e77416d63746166456b674c45475f68644d3563366a4f726c526634776b5f31394b4a6939614e4d37586230594c324e3644534441416f796d717979416646494e5a3838466c33515a38523748727a32335974534672705f54485334567763393852666b4a42556c2d72506b6b63705078676669356e6b53506e376c383238306774646c305a654158555a776c326938767143354e5730317a32476c6379786b424d4d787972697643446459575857766e7a51514466352d564f44513153485a58376158754a6435575f34566f2d7a75694955764635534f653944596c5f6d5256636c5a5a6342415742627578627a617247596957665965624d7749673d"
5,NULL,"674141414141426e304a663338616e4a764d5177374d654f5472456549726c5a5a3973703746457457534b6c5a5562437270736a4a4c6c43396e4b6156734b794a56375f354b58546a4a68496851436f674e7143667553396a77794551744c3746676e5f68786c6558425f446b37306f6579495045636e303042695039654549733863364b44774958665452613531717750546d56386832434c4c7564734f33396e396253326379736e535f6f3443694c6b6e36686c70753476424a555a36364a6e6f7351456b79735054335a6d5062536a6e797278714d7959613031616f6a545f64523259734e76362d306a4e7a6d6f6d49556e576258392d576b334b62424f544530774a594a796c6d6e50433155774e6252544c756b32675836664e506d4d733570556a696e78754b6e7068505970344a56525037516b6d4e45486b7356486a7733682d43304a7638542d514d69365436634630446e61634b646e715a484b424c565073635069467775644e684c676f6769435a733d"
6,135,"674141414141426e304a767753505f71766c323752793339656c703065695343353673553755554852595f71525751704b786f6365476538597734326250595478423335545f4452414935706255346b347539474542426a357343725f6e37413862776f73516d4553647774575577504a36674c7a596a756f70494c71645369442d6d596d706b4332714870716e7242506d73426c4638494b3958714e4a65786968587745783377596366324c304b4770313134545a4c65425851613056775f74574874466c43446b43636c6b393432634c6249446a496450444435756e644377747238482d575f41714e727a376969364d5733393334796745775f4e3769366f5f6b75412d686e5734334d5f6c32775a37493765557843304e44625a74655372475835466f6b4a7864583144424650434262377a72724338426871723862536c5073434a3866544a52444e57674f6569324d4234454550666834585775714a3341336a6151705f6a6331576d48414f4b645a395167733d"
7,140,"674141414141426e304d3470582d6e736348586f417a67446b64794874794e4d337478327a6768426d4854502d31624a655969702d5a777a4c396871655379535f64552d386b303576747961486166337a65336d35517572503456487a765a442d76567645432d5856495147743945684666736b615930455a6639616f61734b734978304f7a35427654722d444b6938477659313357726c4e4f3376456c654a53366c4c2d6d6e7277616b31494746745a71536e65537977743435714738534b316f627973484131544b4a5f4d565764496f7a4a34585561557564756861563972587843374131346c463768736d3554595a424369524f66505a324e6b742d354170316f7873494c6e68785a5377516f37655a4e5a5a456b484a387945584f735343656e37696a467a57674c6768784a61314230767756536248744f716b4b795a59417259746752636d714d314c6268754a777452366e594b7554724754506d34734a6945726b6c5161465951314250796b58326e46493d"
8,141,"674141414141426e304d364d4e59575036542d334634526363786458493333544e44704c41784f674332554d695a6b48374f5936502d7947624773656862464b6b4a6674447144664e62627343415f57657950367734384e6550577171504b62426d6b4d394a4141346b30464f47517a305930454c734865552d4a4c4530446d66675a4c6b42787336665074465f6e3975666144667556424b3662653050506c687744626a5173442d543938497568575461596f4f584d59634147596d524f5f7948465432744b6943316c5371657870465235724f494c7057644f30714d5f46466d64417753724f4665544855333372564263735669463157456a6837414958707a662d637047444c344f6e335a696d573262773935323851624e46315f5061376669597072506d6930424d3173795861424e554b305076784b7a6e67724b4e63323076742d7876734e30534748614758397a6b4c4f4955594349307651795f5063504e4b515564565477725747633641364a4a4b6b513d"
11,78,"674141414141426e306441547631486b47456a30794f4d39674a36716c3232373653316371596e594269395473663650537462733971785a5a774d30626d7144645a69436657774964724c4935497933542d785f644f4f5879775574634c6b4b4b644c663232455056652d64596a585172374b7a454c4e70637659326b45593146515a2d504e6d615131416337717579446252414c4f6d6a76664953416a697a314356354c794c796b4d6c744c50755749727164776e434f586e7a726552665242555849675a2d49724f324c6830786650485731685f556577466f355072324d346f754670746d6d545f586f7551546e46434d6946315042306d72754e64676e39746247486d6553715933357a58624f78745676546a37753432654f53375671637344667048467a4f375044497552336163764a5173346b783264346143596172637971314a426251724552504d6d2d343563444e37504c527255536f6e554b4953704d315953516f627455445032612d4650437564593d"
12,49,"674141414141426e306462637532425065744b54375a364477677372593241664641716d4a45366d6d35746f6d464f6555622d305859696b454f4e6b4173566b3131667a46304453453648494c523235784e665231334842386f6c434d796f48436b34684868426c6851506358475764526e636f6f312d67366643636156784d527578456656434f584979694c6259465f48575663626a52615a6c44397a4b7734366e497577636b6e5631504f2d522d5a6a3734374768686939385f6a6b30664a68374152364f6e316972375a6374477755305a50366e586e464b756c705637386330786438317a73567545616c6f67546f5a5a546e327549504f793833515a78556d51374a474b7368764b552d66666461554c663876445f5642694b52466a674b5a4c6d514b436f486a45333862787a527556302d633178554d356e62776e777161483153513741645036476d4235436577547057544d3257555639337545364b524758323477313648613734715a4d494d784b346b3d"
13,86,"674141414141426e30646d7a33302d37444f4e6f5057733046356c6570415256615669676d785a483459365333505a766c684f5679534251334e754572496d37715a754a6578376e52665857497659377530335655596a70336c502d31637067316e4e67433278337a4b544c5f7972716d3769594f74307a65646a4b68546d784e6b6b656f386f38663467623734714c597a33366d63524548345f41784e786a3747544466493637577179754d694b6578346346363468774f54626b7948624958556d7761494d6670456e4d644831557976783254555148683261523159486d5a3554505a71436d485455525f59546c4762326d5468416c416b5277516852477264772d396844304c706e66716b546e426f434d316178634a4d5a3768304b6a364d333347465a55544e6f5850456c586a33425951434636354935434145357a6a7250326a415046694950614a4b34344256794a4776426943654879644846765f5a714b74714337615a694547525664336972307741493d"
14,65,"674141414141426e306473634f33503478536a3139643866494e334b764661584168656d55496e765f6c61363454524a5379784f4551554f5f744246595f47664a4753754571482d577945354f6d7a454a65356c4338384f784345614b5f57567946394c48766f4d667456455247755047626871485262664d627049745f7137722d697a763571694d547a3677495866636448737644483449374c41696874624f427278536f4b75326358706e426f63486c737853684138495a7272337177395834344a4f477a6c6b65426f577a7955445748695563365736717a6379776f4f4b594a44657064514744744f6b39697567414d4942554d5470705a437a41365245626d674d79474e57394d4169644f4f4467725266696e524f3639496244467a392d45655659424a31384e3558544959724842324a446a49315565615635354f784175673234705031326142476a317a4c4647414672667a45707357775a4e495a75526464436d5a364a6e364356526c594239365875303d"
15,66,"674141414141426e306476326b62374a6f42346e457574556a414f325442437735376830676936484757784a5f6854566936315f3163475f67445f47317977695861524b477951636336616f692d372d6d36685848616b57697245713858504e6653626176457069364657654e6e6e626555354e4376717935616a68346c614338666c68576c75397a6d63545644614e54344f45414a49747364424a676b4878364f514a6f506b74714c44594a48704c4e504871704d414e364b55326d567057444268435934434650356354325743307850714579424f6864416c34774d664473504f5a477239626f3258475153545473334962473048754c48322d53424e5a5642623661434b49694a4a426f5a323348476642337064793139726b75696b724a5342734362345673544c566330702d4b5665764c667351335667557073666e6865474970764f47576f4166674b473335775f687767383652527a42474a456d7147425130654e66682d72716336536d6d6c31444257553d"
16,11,"674141414141426e306435783751494a5f64725f476d6635706c435864465a4847554d514564344e4d7a4469675678595f41536541587a766c773556546c666e3173715353444d596f6d4579494a71762d6d6b707871497a6e6b5254656e5f5a4f71364a776f3761337077496372475354316b6c4d3053643149356866554d795a695f304e72554b6630303274716f745f384f506737757a6251374b6142307933674a467842443946576a6d4e304f4f4f797070384f7966774c5576784f554168487a486766454934704254383335327576597643377642796d614b68724267354a675845584842466b6a3770494f753746735543597a657a72707157566e544346387443756e546b416f71597144496b35344b61556b4b6149714b39486d376b34505f4a57706a7043777a383656395f674253564e613064695970797a61596338766b5930764a5a4e2d6943394830624752704779703031614a7968494f7955786951315641504d5266723577744d71654d573378303d"
17,117,"674141414141426e3065505563786a573150516f644b774b5434655457765f5948685f5930705a5f46354f7a6e565f76526b50313233395f6178455a61625f744158494b454148444668335947304958474e774c49436a7441544259336c664b437a676f796e61454d7869376b5f654b716c7870447a584f486f774572685735555054444b70736151645072686e54333078337239595f6c3066586c476a5477545a4b63667371384a64535a68683844554e483749495a2d44677065466d4249375763346975715a666c6966646b4535544554596c4234633139326231505672494457376a6b5654656c6373466b43436359434a4558653977727a6c4e41316c4c787a564d536c5747394c3849424237434439675051737447696e4a506e6f614a50726f325241487533415838767a7a54353041337375455941717257433774774537564643644554322d4a30686d4b663632627a6f664c64717a69794a6e2d45596f616b526d4950394b52766a6d414c4c31724541413d"
18,76,"674141414141426e3065366b73324679414a5241502d6859777735304f68382d356e4f73707278333569545655516a6873494f4968635641463278476e73395844305a6666527376414f4e4835355430586f767835535849744d4c435633347450745665375f536f56425f626c6d4651537142434a7954794a304a525377634c57794c6843584f686671484265466b58714d572d387a732d425f67734d4170436356786a335f64646f34394f424342716950426b667778323966785056506a327579446c3930665f587349374c77444d36306a5f68426f6273764f773054506b6761453673564f7959593153727834366d5472787151346f55333343437a74462d586475485553697a427938433664366c66646f796f52364d53573641334642585142525562416f485375776473626e6f58696a33454c5a5167306c4b6c69772d6c69616b5f72314c526955556f5a4473716d4a78776a647a717a6e5f66726666416448326349454650356b7961383661775f4a7375513d"
19,118,"674141414141426e30666f524247524b7546622d396a614555504f4d346e6b42577a702d3061346f78727258396152395f48374143464641534c35695a326b793570627675594c7147417771616239305a4a7570452d62786e6234725a47565875735758426758534b5149777475587269764666436c3567506738544d5745696755764730374167647a38566f4a373764626a474a2d41374f706e4e6e49584f5236374b6d38766d6b5164756d416c4c54307546707a313478786d4d35776342684b61734d3569776f47446b46527a68747a52344f6841523542756f38714f385a5a587061636e376b76525035516a6a594d716446617064486541716843585f534a7a4f6a4b6f4e32534152713842747867706c6d62666b637479347a3759677650627a487650435f4d45377a69526c694273586f315a6963397a4633446268746f6338456e306d48576b3948314d726278786376435a65554c5a6d7664474359346371373669556d3343304b6e715f354971746b546f3d"
20,129,"674141414141426e3066746c4f77564650547756494665437a7938693654725867306d55415232784c6c6f6658424b55466e4d775032565f6365613367534a494f6946714739526c526e71716656496f4e6864634b733232526159736d50654b696b5575465569623338445375384a616d6672617a71524c6b673870434170637a4d49613971413844705856582d67703376316c5f436b6752476e643462386f6859464546613454474f744a6e354b5a79356877774c6577365533334358503179376b7665653349596d59677972744d756b7034724c4c6e6d777a6b3754544c77764d346d4d50715a526f465a6f6b5a66516e4b4f4f7a6a7a7a4a4a5862366d69737273566d6b4d62377a6e30716f534b666b667350646b5f65714f4771447a3142584f6d4f386b57483464643647557149686e5f4669644a544c50317153334c42766252487756546b58735f4e48415a313138547752342d6539342d78536f3569707542515548322d6930692d5669357068653634633d"
21,16,"674141414141426e306a47454a765534695a444f5f747a3272674467716e4a6561467a725637735257744a77456145597a31346f647070483633376137465a41443574596c77526131583137444e47505962503374696c6f73737273477a666c675a7551777a6e355a44704a574f353971316e7a6544434e5646457879796f3361463235317a7536775f48614865654a4e484e38675449334c333844324b535366366f31537150633065474a3645777977644455654b4e505f574e4a497a596764626c4c75415a4b4278584c4448523348665232334f4339616876576c74446a48726f67337874413132757439646f59656d315577503253664a74367169694a35653458443743454c747073506b6743745064384c796179627533414979343271377a576e6162764f396b684d7a3565664e7a715a31506376614c787956355170674679674f59376635556d6544737163494c47597664594f30375631795f346f5a317847566f577a486737364a4561727a4c68314c593d"
22,103,"674141414141426e306c6749764c587864383356446d57304c433245726a4c5f706f7a4b347941477630323870692d313334586f302d4c6246375277774b61696f615a64566f394b6545726873414479517754766444576534483579556557343036464151317a594b5952784130453775474a454a354f75476471426d514b466263584c656c774e597962787448426967436e4944724c715731546955694576555a4876554334387a3045705f494b30705a7a3447527a3763644a4b4964507a5466465a544e78697043563430712d36496c306a71614465613556586a505a56767856687a5249454664594337626273774f315f5f39366a3169305431534671485979334b643376553970586244366c6d7730516635575670335a616a52582d6e594d705247303845424570627536772d355a4164655935785a5372325350417562414f4e48667870636534546f473135757933497944474d7331414c356e436f435174346743424e534d4b5168494e5a63426a7853383d"
23,145,"674141414141426e307866732d467269384a69433145524379584246743156426f434b744f48686267446e456c31666e7050646a7971536c36515761794d6b674a4470336736593277552d546b78586a385676365a5a6f5653776e5732356f42634954444969574d7831564f3970567541505453356f73434472533247494461555f645a5257524f6349465552594678685264324f6c467530784f76584a356866467865306462654e703339797046626e6c746e6e594b6f737837346a577a6b47344b6258356679654a4c3272717a72337574645533306f6d46597364314263767a4a62515f326b487031554175367649326c4e674c624a3161675f4b42695154624b64664770374b427554656254586970374f41324e4c716e664d55776b396d6f78567a7271665568466b46784d337a61463467726370696c3241656e574f4b4a3547775272496b2d4d5230433539685542616c4f52386d58484a305a73456c7a33636b4d596c5978583238514954474b3636366c6f3d"
24,20,"674141414141426e30345538734c5151703953774f7057302d496542545252426e557761334269646f704457617174745462706f4943324f7248386b395843544774466a464b6c5a506545624b4b316b474b6853396d6d394649686641785555647a6d41716d437037594b44443569766135786d4274426f657a5a5467464a2d6547702d597a727274524c44374f5664746272306b307153636a41426b725177434a697a71305567397a48335358534a4f664e51764f68797538497632766656794c482d4731704b326e524f43534456706e487178376931767338334c547a6c514230744f744d6762347a50447257344735524d4d4c424278383676585a656c737445706d75774f657a7675387753584d50787158396e66706a665076316356356a57534a5442512d41516e71766d455773564f58496c4a744b585a6765644930774943646937676e415164634f5f53454a4a30685768554d6b2d554c7153694b7458776c745858745662685a53426e594d6b6f43356b3d"
25,64,"674141414141426e3144653776346346686f644a417a6a38677a67685a3631574e5f6d7a49385a325f746561493875306a46445f3441456546797758434e4376745f4f425a486d396a6d4b6c41456855533254303570464675543737724649626333327a79736364776e686262662d5f4c4574724e314546717430786555334d6f50764632496d4738726752375a563254354d52785a4b7168414f4749486c356f4d4d44717057772d6e523959613875747645714542764141572d647553466d5577704e397938775a515375616d35425463316a41652d59442d643767755a6e71692d6558734b4336355f59557153424f61636c367a484e505652706f736178546f3258776e3743536a4d54694770614a61466269725f38704a615569566750666e694f716b43744f417033523865547548564d335563494c556779504f3847437538446d585545386d4e784631415a665333767062476c69475232465770794e445266656b37314669512d46784c3269475f304c70413d"
26,59,"674141414141426e314468636747614d2d575a5f4e2d59797669412d6334485749764569736f6a634a455644675670466f553074683664576d2d717662645f5950444e435a354774446f49326f4d7a7739706c37726c7745673562414f45596355494a59443739792d71434c6c70475750766a61416179632d5a584456362d4c563036793973457470426e524e4d4a685537334439623866346c75367a2d4e555a4a5641676c387a5a6763356e5f48383978797844386e7a44316e76775a534f3369416550703359534e6a417a4f5f4233447233356f6536333549395a796d7a655264786f30753631306d3572365a694b697a4d754b584a64394b734a4648466b5a716f3744566e757a734a593352544f573836326b6e6433464d5a475f713263525a38343438723461774e456d64613542726c4534676b5455424530536c5a65534347536d6d41665776765f4b6c32654f625777564b3848657573677a6379565035664f736c4e506678365f78335959312d43545a733d"
27,72,"674141414141426e31447155654767796c72726252346346585139626f4c4f422d586b6b2d633553634a7a426c454932737a733776524651374a474476414d625270584e726d53747379366b7867773343686c72686e366372703372715f5a343579697a6e4a42625f5764524a516836317275304f4d726b7555762d4e2d715633706f56744b4e484d3832524e3059396d503039744a757974774a6b6d52383239645967706b78356c43323749784b6f4e577a6d787639306c7863354d624236385070506e6c7a4e42664b354753687a4164476f7339456f715965556b72486272436665647645504a5a504e74537833795f5078354f362d2d30445f5371574f335644714c66373045647969537154696f47327956524768616539376c687632736a7a6f6670666e6533305844447878385f446a5874714c2d5747312d2d397a68534d57734467306361543355387558306e78324d7a4f376544574a7a4a364776524d492d796f764f4a334b6d534f57574947594248303d"
28,60,"674141414141426e31455371615a394276363732352d32614649644c797076396e3658422d63454763776861666f4b4343485459316e43414f5745316265333849335f6c63686b5071356a6f4b4557664e554466705f50326144366e685a4c7a5032475f477454506733634d4f3939676c586874616e366d5f6b45357a387053443357334e5050656a543051505162745f55476d766b503677653849514163646f315478396b67794d4b43414f6d344c386c7a743055733749776f357a51305f30737a67466139516d54746d583358787255326374724a71375871464a375344684c75795a6b585243725654337444654b6165343335435a4969345f70656f5042433777427963416d324e562d5537765a71636b6e6566723464636151304e394b4b794433445978634d665f4570516b4978466e765138707a37502d65724e50565f68356e62357133494a486a6b676c37384e4138775659397a323842714252754641434554306d4372305949326363393077773870383d"
29,52,"674141414141426e3145544f475a4c625434624e315873334868543332503638597a7551344f59416d475935722d4d6946655a7350757878717a5f6f6e635a31777079386452736a415a306654645848704d633364637447394a4e6d4a4f316c5355734853414b41596935576f51316d794436494e6a5f6d773878554d2d624a54714375685945734c526c587468465134396e624d6e7a68395a466553794c41456a46413662433639757676386172797546644638424743357141545a7a473161585873317451786b3273357231337553525733593677725863314b6e68487730632d53596a594e515a514d66433736394a36766f6e46485237754351767073493379593139686961354b596d4d69794e41474e4f3862557171476c735753456d47777571593945626e70664e564c71637a6a7649746436506a7a686147654b653335535956306a4f5f764e4d427154495576523947514a4642747073765767562d703643653430527068736a4b366c53726d6f6138383d"
30,147,"674141414141426e313176666f4350333073415f557a51526169714a6b7336594537557769567348786d363653754c67646b6b646a5069684174376d57727667546473446f312d2d6172775f4d6b554b45596a456c5f5a524a51465941415936614b6d5a61784463517045626f635567736a307a466b766f4335646c634f6a7041454331454943414b2d4a497455654559474e594d4f426d78616d61497352716a747a4c5a724a744f784e4462667373534b6559316834312d5a4e63727272526c4e4544617741746e5f62496d737141383972744d744971466f49506a6b674757524d4e2d5333492d66684467484f724f375a5533687738345178317a5355314a7238636830554e796c3259454a6b4e5f424b676c5a67495a62776c4733516c7572364b457147786f587a30764b75543438724f7869714a6e56635335763959585475427954326f4464355462534d48474b684443576f356a424a412d4739384149324e36442d5f45394f557333586c76776c704134733d"
31,149,"674141414141426e31313773646946673832475f51597544784e34783954616e3035506b6a5358547335664132555849716f58425067512d6e5554437673645a7538356175686f734f30796737755747755450534e6252756a4166465a39524c35594c504c617954726447304b546e42666b514d4954624662733677467a486a4d44544970366137346b4d6b79615535475f44557045495378496f6e44475358686c46455642792d713975642d633756495f63305031317a72745858424a7767726455366e5a457a4a6a357576395f6a64587832386a5045387869534646354f7432583567794e5f487a65432d706654384b6e497a2d5162494c2d68755942324a4844486b49426753434158416a5552564c702d36773875786a54776852316d53345171447177425f4b4433546b75766a554d4f6e37326145336f434276557345624e62762d365557635663797038325455616b66662d386355706f6f646a684f304c374a5177686a4f51656f487a79674c666d495f773d"
32,151,"674141414141426e3132496d7973634f665a576f313145734f44705031326341516b3444435239716652733251677377346f7946614b36314a782d6c5074685f58567961364a5a634a3178326f5033366c444a6178487a3859576e4a486b5f52514b4b4e5057424d754d5954437673626d5668692d4759786e616b3247575057714f68436e5637464c4f7a566646384e4774464b467755387530655531784f3739785563505f4670486450504f5453412d5558327159454479535235594b3732476933536a54556f66424172634e4834486341766a354948684a364e674b787732546c6f6565506d6a6e45784b654433787a737a3045487a67504c4251772d3077696e744235736a4d77766268554537356a7849447551527933475f35345f3731456d4e66316a4668384b454e7647355f464244575674583163654e3832465134516b35624f59796c7137517962785175686b6a4a36615934476475436a63555666654e756733536c70706244397468634850647a49383d"
33,153,"674141414141426e31325874666f4e3153356a69427344533034305566744b5265784d377264637255764c6b697a784a6a69745369642d4e32717941785457436d4e7a3077385f564a5951454b6e4864462d4e6938386462347a695a587864544e6373784b5376774f6974736439564f627562427145554f3142695544444e57325276486f4a4e69513931714a336d474e784c67524a7a45354a522d5561746659754b6d3679637a6a6e6252346c6b756949636d7667774451534c35506351787235653867686f38316e33572d5a573156644d4c495a504f6a4e72492d3172657a646c66425a714569377a74396336704d584f68723449577952516f6a35746a3542636b6973486f3770446956315a4e3664627932755a45716174325f31484a43476d4467334a355a79686e314c7a7879513553654d3877644b307778656d33316b64304d6b46343632584976556133447678674874356354337771556a6d794f366b6b3363785972436c5838596a6b39784a3175476b3d"
34,155,"674141414141426e31326b564151334e696c4d6674613172613341355568684377787a52657357543779654b62796b4f386f2d4d784a7541373930706873625f36444146466a793456764e437a4e776c5f465a434c483142734f617a6a426f7a6e4b485933652d5945696a4f54324b694e48335376555a5a6766486c48724f72594759354b48435a505573396b4176572d45685371514b754152534a74355435422d356272337956434f585531525531413332716d6555412d584d763936426d3473417a614634485346356266544d75314c307a635f464b31547555797367634f53627853305738576a714735686234747238425854583650386b475f7563686c394645326d2d6b675a7952493277354f5a32643761734a57717747527643394953504d582d63334b306439466477594f306e3378736c6f4d574439613270654237424a65703375584f30526c717730544f535f39787a525a47426a474a37554b645631587439775866636a574c70796b764c7a6870413d"
35,157,"674141414141426e3133424d6b3335566b4f4b5a3932456963345637546a732d79444c5437557842314e51574c6f51476933676c3153726734574f6a4c794874503652746b57465355575634715456334a4f73344d4f396b68784c706d6c334e7a57684f425270536c4a4254774d716a74327435386c637046396a7073305137306e61413479316e705a796f3762667a6d54646c6773484b6b5877506d537645496c533158784a57675973386c6d6e6d346264336342584c5264323461306a744a494f4f4f66595f59795a584e76465776595a37746f455f6173375a7a425a5a74555153553572515a71684d4f306552515743394b713378593079474966443455746f7732444664524f67342d5f684f4c3155664d544f3072574765794d5f3964547458716d57717859564753766839587770593275546465796b7074704f337658667579435066434d7a593172414b7178647374394270376b726953332d457262476243766b39376b76743042697533347535726a6b3d"
36,55,"674141414141426e324779386c6757585a5861647332622d396d6574503349644866326a3844576143324947424d623351357a6236306c6273395675383653687641527564784a794a734a625150743332496335563231345a79674e76574c54784d2d414b4c63685675727477437536594f6b5a36707855566857534d3550545f783638695648552d395f676164586e6d774e643078523272756d616e77613566746d4d6645667347695f557842325f6331746166626d715639685f4e45675f44486c4b6462343769616a37666d426b72466a775a5654596335327341386f32516a356d46326b304465626234336d6d6a556a72334237396454374673546d5432324e6166374f784e495578713354644c5f797177642d354d6367697674783579504f6f48644c673766754b6e6a5132755337316570746c79466a6676556230595056526e6c564e4e797a313351363076326d317242396334324c71633770322d52655f68394d6834796b66376545494858484e5167383d"
37,99,"674141414141426e32622d315752317663326634764a61735873596f635f4659587a52546a304c42506167717a30435f7850577544512d5475566237783038797138326e674a414b3465444e52766f59695f624d65495978704b7849314967702d6c355852546d57447a43654e7546374e724e6e304558515936764651596774635f6137695f5f53536a6542715442423445386e4472384941416b5a3132745f733777524e397a70304179594f61717975706b75756b32424b77614d536a6f45455a56317253694a77506b4949614d4d7146507a304e515a4d4a7046446456634a723572615672336f4f6a777a7a705637453641764d6738576c6762784977754d305a6a62364938616b75646a4777334651713870634330556169474c574a5a64764661504e6c744b6a4230455554674943725866327339526c51566d78576b67677377647434376f6d345530547249612d32645a6c614f5275723558753966436b4c586c6b6d42455078497a717073353771574270303d"
38,50,"674141414141426e32687963467a5038346c446176534d796d63556e6c65424346654248393364765830444578496370347443376452446c48436d70454a737a576e7973494d553876746a716e66545762746b74743370434b312d706874373877765573435f72424756614d5430674b57303451777672784e74764d5847496c523453504a35744b5a4d34666a68456e6a586e79714575756345635049586c445f626f62363857434164793566497a5255504f4a3749544c684b415941704d5864473361617a382d51395a5f4d50727232675f2d5f43766c315a61515437744e7a5163614675514f4945663436307a5330726754306a454f4454576e4536306463614f644845684634673375716e5f7764526551754d4d48396b6b65753473565957776155394846764363754954584a57764a4d344d5670796b6976376a48496a764455794e305a524d4a55673435536832726347365033797271622d664a6330627042533441505f5156626c44676f6b676f68665a4d3d"
39,28,"674141414141426e3278585261355358645a44365249674e557578674b626d784c506e657971354d49794b7048514f6155516f7067434f536a70636a5949625576373578303832476b76573231514a5169494573536154444b36577246685f517249696877746f743472456137483365726f4b4f6c4a7a7431423967664c7a714f35316f48385f6a4c6738306b6c4f3071505f483544526f4d587947755646316f52456775724c6438705a3763487879743363506b6a74536551797a583455575f4d44365957467758723953706f42594c6f4452303532436351525241316a6965356a596a5258347861706930666e50784b5a7042794c7a4436796e7a316d4a6c374859376878767349516d3954796e6a667671445377784e4e394b3967366449716e756f527a5569596832506335467565765479746637565252416a51646a77454a4b44423767576d52726f764a5136314c6a76422d4a70624b5436777171775966494f714a6e4b6f66455857544f736d764368784d3d"
40,158,"674141414141426e344c5348614761657435612d336a4f4f736163503769566f734767354f486a726345526a687856505141334d6c56454b786a372d45716a4b546841554e7765674a79694247702d6431513050517434534464316c6a65356c536b51394363514c6f4f495951456f644a42436b57437a613832365549737137344c6d75683432734b535f33667177725244575f6f6d38454f6d2d59546d7438353839726d35386a4b6341427744597a656b353172507a37774a6737786c6e57312d794e356b456e624672446571314e533956754d4173345076624d49693452616c6f6243304458515553564f534b3650507a37713664484f79414f507a364e4f4d636a7651734d465463324a786a455f573155784d683866634d686b68506a677a7373337742504f766946485756796b58696f2d385541575364456369505a35625f796a4f55686c6d6857426633687378744e7771494c374e345232626350414e645948706b485939794e497630744b7265564d5f673d"
41,33,"674141414141426e346175537838775630506f5f6a6b674874456f415559524e3842786e306465386c74756f696230474e43505754495354752d3851366e7572577646493632426d4958475f5448516c724f5574786c65304d4f62376e504648534e64746c386a6f384e7a52413547424935594f424547687163556b33484465554d6f726e346e4957396d472d52376358794647674845507169787345305a51566f52414e786f75422d32497a686d4e794145303769703057316c784c6730327530654733635f48582d364a4644594c4f794f75494a3642304b566e33795857364c4f5655495f69466b55385357586c493746615f73615578517a724e7668524932506b74475959666e7031725556325a75704c3272705f624b3149526246696752447a47705147544b4971473038685675475370627a455762562d48547842726d7674516674416f787a6c786b66366269486a335257492d6450624a38787a43727262786b41765939365953395736706438756f37673d"
42,159,"674141414141426e3461783339505576636e59473654594e4964617170794f37736e73636e37396f384b64444b31626f496e2d49614839576b4179645462734e386c5a7a317a4c575a51654a4b566f2d30594a7847734149426a39756a6138534c4c526d5255522d556e3961624e3470565a61473862627036556c6e756a647542355046665f4268496a524335316f72494f75544168596a5f595f75593534575f5f4e7366483257713834614e6849434b3547636d665a716d5a6c6831426c773673372d62507557546968644c7454636a797034554c39394a45477266334f766142375f73586533516e5a6861627958315069644b4e6c3943474e6b61445962724750383949654c50765558513051474a42426a72546f574f5a7636774e3756594375714d6c4f4d576f44424a32474b4535513270703649334d4d356b49716c47674f304d2d5a4b33464c4f34675854794d4b506d6a4e5357587572307a36304e67556e674673575f3035316b684c7249414f573578633d"
